bdr,Cuota Mensual (Cajas),Meta Distro (Impactos),Meta Innovacion (Impactos),Dias_Pendientes,Dias_Transcurridos
PE07001,12252.6,1250.0,89.0,1,24
PE07002,6194.2,958.0,89.0,1,24
PE07003,6835.2,877.0,89.0,1,24
PE07004,5996.1,1004.0,89.0,1,24
PE07005,4795.5,290.0,89.0,1,24
PE07006,2923.2,565.0,89.0,1,24
PE07007,926.5,253.0,89.0,1,24
PE07008,3830.2,553.0,89.0,1,24
PE07009,13129.5,1781.0,89.0,1,24
PE07010,6802.3,969.0,89.0,1,24
PE07011,3513.8,694.0,89.0,1,24
PE07012,6124.1,959.0,89.0,1,24
